{
  "success_rate": 0.8,
  "avg_recall": 0.6071240639878175,
  "avg_precision": 0.6110311199049318,
  "avg_f1": 0.6059502712843119
}